tree_id,voxel_size,voxel_index,z,y,x,world_x,world_y,world_z
tree_1_V_0001,0.02,107582,5,75,82,1.6500000000000001,1.51,0.11
tree_1_V_0009,0.02,90703,4,107,3,0.07,2.15,0.09
tree_1_V_0011,0.02,106181,5,61,81,1.6300000000000001,1.23,0.11
tree_1_V_0012,0.02,100085,5,0,85,1.71,0.01,0.11
tree_1_V_0017,0.02,144782,7,47,82,1.6500000000000001,0.9500000000000001,0.15
tree_1_V_0018,0.02,93954,4,139,54,1.09,2.79,0.09
tree_1_V_0019,0.02,125353,6,53,53,1.07,1.07,0.13
tree_1_V_0022,0.02,155252,7,152,52,1.05,3.0500000000000003,0.15
tree_1_V_0023,0.02,92412,4,124,12,0.25,2.49,0.09
tree_1_V_0026,0.02,263876,13,38,76,1.53,0.77,0.27
tree_1_V_0027,0.02,144286,7,42,86,1.73,0.85,0.15
tree_1_V_0028,0.02,148032,7,80,32,0.65,1.61,0.15
tree_1_V_0029,0.02,119474,5,194,74,1.49,3.89,0.11
tree_1_V_0030,0.02,128593,6,85,93,1.87,1.71,0.13
tree_1_V_0031,0.02,123312,6,33,12,0.25,0.67,0.13
tree_1_V_0032,0.02,145028,7,50,28,0.5700000000000001,1.01,0.15
tree_1_V_0034,0.02,135538,6,155,38,0.77,3.11,0.13
tree_1_V_0035,0.02,171921,8,119,21,0.43,2.39,0.17
tree_1_V_0038,0.02,161117,8,11,17,0.35000000000000003,0.23,0.17
tree_1_V_0039,0.02,127712,6,77,12,0.25,1.55,0.13
tree_1_V_0041,0.02,141027,7,10,27,0.55,0.21,0.15
tree_1_V_0042,0.02,147588,7,75,88,1.77,1.51,0.15
tree_1_V_0044,0.02,197655,9,176,55,1.11,3.5300000000000002,0.19
tree_1_V_0047,0.02,186005,9,60,5,0.11,1.21,0.19
tree_1_V_0049,0.02,179741,8,197,41,0.8300000000000001,3.95,0.17
tree_1_V_0051,0.02,136492,6,164,92,1.85,3.29,0.13
tree_1_V_0053,0.02,103836,5,38,36,0.73,0.77,0.11
tree_1_V_0054,0.02,195567,9,155,67,1.35,3.11,0.19
tree_1_V_0058,0.02,128179,6,81,79,1.59,1.6300000000000001,0.13
tree_1_V_0059,0.02,112429,5,124,29,0.59,2.49,0.11
tree_1_V_0060,0.02,131305,6,113,5,0.11,2.27,0.13
tree_1_V_0062,0.02,127390,6,73,90,1.81,1.47,0.13
tree_1_V_0064,0.02,127777,6,77,77,1.55,1.55,0.13
tree_1_V_0065,0.02,217282,10,172,82,1.6500000000000001,3.45,0.21
tree_1_V_0066,0.02,130629,6,106,29,0.59,2.13,0.13
tree_1_V_0067,0.02,126672,6,66,72,1.45,1.33,0.13
tree_1_V_0068,0.02,176097,8,160,97,1.95,3.21,0.17
tree_1_V_0069,0.02,150031,7,100,31,0.63,2.0100000000000002,0.15
tree_1_V_0072,0.02,113466,5,134,66,1.33,2.69,0.11
tree_1_V_0074,0.02,148468,7,84,68,1.37,1.69,0.15
tree_1_V_0075,0.02,271753,13,117,53,1.07,2.35,0.27
tree_1_V_0080,0.02,161929,8,19,29,0.59,0.39,0.17
tree_1_V_0083,0.02,160225,8,2,25,0.51,0.05,0.17
tree_1_V_0084,0.02,209246,10,92,46,0.93,1.85,0.21
tree_1_V_0087,0.02,137990,6,179,90,1.81,3.59,0.13
tree_1_V_0089,0.02,173014,8,130,14,0.29,2.61,0.17
tree_1_V_0090,0.02,165304,8,53,4,0.09,1.07,0.17
tree_1_V_0093,0.02,196298,9,162,98,1.97,3.25,0.19
tree_1_V_0097,0.02,207802,10,78,2,0.05,1.57,0.21
tree_1_V_0098,0.02,204304,10,43,4,0.09,0.87,0.21
tree_1_V_0101,0.02,120764,6,7,64,1.29,0.15,0.13
tree_1_V_0107,0.02,174098,8,140,98,1.97,2.81,0.17
tree_1_V_0108,0.02,188458,9,84,58,1.17,1.69,0.19
tree_1_V_0113,0.02,179463,8,194,63,1.27,3.89,0.17
tree_1_V_0114,0.02,109218,5,92,18,0.37,1.85,0.11
tree_1_V_0117,0.02,178183,8,181,83,1.67,3.63,0.17
tree_1_V_0119,0.02,189747,9,97,47,0.9500000000000001,1.95,0.19
tree_1_V_0121,0.02,145202,7,52,2,0.05,1.05,0.15
tree_1_V_0122,0.02,189636,9,96,36,0.73,1.93,0.19
tree_1_V_0123,0.02,151646,7,116,46,0.93,2.33,0.15
tree_1_V_0124,0.02,187367,9,73,67,1.35,1.47,0.19
tree_1_V_0125,0.02,167985,8,79,85,1.71,1.59,0.17
tree_1_V_0126,0.02,201145,10,11,45,0.91,0.23,0.21
tree_1_V_0127,0.02,103332,5,33,32,0.65,0.67,0.11
tree_1_V_0128,0.02,173708,8,137,8,0.17,2.75,0.17
tree_1_V_0132,0.02,139472,6,194,72,1.45,3.89,0.13
tree_1_V_0134,0.02,204770,10,47,70,1.41,0.9500000000000001,0.21
tree_1_V_0137,0.02,155005,7,150,5,0.11,3.0100000000000002,0.15
tree_1_V_0138,0.02,121443,6,14,43,0.87,0.29,0.13
tree_1_V_0139,0.02,110904,5,109,4,0.09,2.19,0.11
tree_1_V_0140,0.02,151579,7,115,79,1.59,2.31,0.15
tree_1_V_0141,0.02,219889,10,198,89,1.79,3.97,0.21
tree_1_V_0142,0.02,162169,8,21,69,1.3900000000000001,0.43,0.17
tree_1_V_0143,0.02,186568,9,65,68,1.37,1.31,0.19
tree_1_V_0144,0.02,162272,8,22,72,1.45,0.45,0.17
tree_1_V_0145,0.02,198916,9,189,16,0.33,3.79,0.19
tree_1_V_0146,0.02,135770,6,157,70,1.41,3.15,0.13
tree_1_V_0148,0.02,149918,7,99,18,0.37,1.99,0.15
tree_1_V_0149,0.02,113643,5,136,43,0.87,2.73,0.11
tree_1_V_0150,0.02,143306,7,33,6,0.13,0.67,0.15
tree_1_V_0154,0.02,176946,8,169,46,0.93,3.39,0.17
tree_1_V_0155,0.02,231510,11,115,10,0.21,2.31,0.23
tree_1_V_0156,0.02,193221,9,132,21,0.43,2.65,0.19
tree_1_V_0157,0.02,148932,7,89,32,0.65,1.79,0.15
tree_1_V_0158,0.02,136652,6,166,52,1.05,3.33,0.13
tree_1_V_0160,0.02,256885,12,168,85,1.71,3.37,0.25
tree_1_V_0161,0.02,189134,9,91,34,0.6900000000000001,1.83,0.19
tree_1_V_0162,0.02,186148,9,61,48,0.97,1.23,0.19
tree_1_V_0164,0.02,201830,10,18,30,0.61,0.37,0.21
tree_1_V_0166,0.02,243628,12,36,28,0.5700000000000001,0.73,0.25
tree_1_V_0167,0.02,157446,7,174,46,0.93,3.49,0.15
tree_1_V_0168,0.02,175980,8,159,80,1.61,3.19,0.17
tree_1_V_0169,0.02,142271,7,22,71,1.43,0.45,0.15
tree_1_V_0170,0.02,165309,8,53,9,0.19,1.07,0.17
tree_1_V_0171,0.02,181864,9,18,64,1.29,0.37,0.19
tree_1_V_0173,0.02,175506,8,155,6,0.13,3.11,0.17
tree_1_V_0174,0.02,198570,9,185,70,1.41,3.71,0.19
tree_1_V_0177,0.02,241933,12,19,33,0.67,0.39,0.25
tree_1_V_0180,0.02,166232,8,62,32,0.65,1.25,0.17
tree_1_V_0181,0.02,220645,11,6,45,0.91,0.13,0.23
tree_1_V_0182,0.02,151498,7,114,98,1.97,2.29,0.15
